backend,resolution,grid_points,trial,steps,warmup_steps,seconds,seconds_per_step,grid_points_per_second,cpu_threads,mpi_ranks
CPU serial,64,4096,1,1517,2,0.74716619699999998,0.0004925288048780488,8316264.8751359405,12,12
CPU serial,64,4096,2,1517,2,0.749063955,0.0004937797989452867,8295195.568447824,12,12
CPU serial,64,4096,3,1517,2,0.74598801199999998,0.0004917521502966381,8329399.26653942,12,12
CPU/OpenMP,64,4096,1,873,2,0.76124624100000005,0.000871988821305842,4697307.924046616,12,12
CPU/OpenMP,64,4096,2,873,2,0.75373283400000002,0.0008633823986254295,4744131.924071123,12,12
CPU/OpenMP,64,4096,3,873,2,0.75240342100000002,0.0008618595887743413,4752514.276513371,12,12
MPI,64,4096,1,434,2,0.77209756399999996,0.0017790266451612902,2302382.604072042,12,12
MPI,64,4096,2,434,2,0.75988535199999996,0.0017508879078341013,2339384.4812526405,12,12
MPI,64,4096,3,434,2,0.76478075999999995,0.0017621676497695852,2324409.939392304,12,12
CUDA FP64,64,4096,1,1236,2,0.74230984899999997,0.0006005743114886732,6820138.526816178,12,12
CUDA FP64,64,4096,2,1236,2,0.74244939700000001,0.0006006872144012945,6818856.639195304,12,12
CUDA FP64,64,4096,3,1236,2,0.74260659600000001,0.0006008143980582525,6817413.186564262,12,12
CUDA mixed,64,4096,1,3921,2,0.74600745199999996,0.0001902594878857434,21528492.720740277,12,12
CUDA mixed,64,4096,2,3921,2,0.74630929899999998,0.0001903364700331548,21519785.458280884,12,12
CUDA mixed,64,4096,3,3921,2,0.74578014100000001,0.00019020151517470032,21535054.524869684,12,12
CPU serial,128,16384,1,151,2,0.75781025700000004,0.005018610973509934,3264648.3432329684,12,12
CPU serial,128,16384,2,151,2,0.76351161199999995,0.005056368291390728,3240270.2999099903,12,12
CPU serial,128,16384,3,151,2,0.76001038300000001,0.005033181344370861,3255197.6332670706,12,12
CPU/OpenMP,128,16384,1,173,2,0.75856537999999996,0.004384770982658959,3736569.1537359646,12,12
CPU/OpenMP,128,16384,2,173,2,0.75602623400000002,0.004370093838150289,3749118.5788666694,12,12
CPU/OpenMP,128,16384,3,173,2,0.75492485899999995,0.00436372750867052,3754588.2430664534,12,12
MPI,128,16384,1,219,2,0.74459891899999997,0.0033999950639269404,4818830.525323393,12,12
MPI,128,16384,2,219,2,0.76346913500000002,0.0034861604337899543,4699726.335367834,12,12
MPI,128,16384,3,219,2,0.75919822699999995,0.0034666585707762553,4726164.8834172,12,12
CUDA FP64,128,16384,1,653,2,0.75251363299999996,0.0011523945375191424,14217353.05624689,12,12
CUDA FP64,128,16384,2,653,2,0.75277406000000002,0.0011527933537519143,14212434.472037997,12,12
CUDA FP64,128,16384,3,653,2,0.75210951400000003,0.0011517756722817765,14224992.239627484,12,12
CUDA mixed,128,16384,1,3217,2,0.74751049800000002,0.00023236260428971092,70510485.32565224,12,12
CUDA mixed,128,16384,2,3217,2,0.748187712,0.0002325731153248368,70446663.52392593,12,12
CUDA mixed,128,16384,3,3217,2,0.747623445,0.000232397713708424,70499832.97407159,12,12
CPU serial,256,65536,1,19,2,0.75519939700000005,0.03974733668421053,1648814.8758413268,12,12
CPU serial,256,65536,2,19,2,0.75352733599999999,0.03965933347368421,1652473.5606937557,12,12
CPU serial,256,65536,3,19,2,0.75086961100000005,0.03951945321052632,1658322.5393043638,12,12
CPU/OpenMP,256,65536,1,29,2,0.7693468,0.0265292,2470334.5747327474,12,12
CPU/OpenMP,256,65536,2,29,2,0.76791980699999995,0.026479993344827583,2474925.0933177196,12,12
CPU/OpenMP,256,65536,3,29,2,0.76169596399999995,0.026265378068965516,2495147.7883897517,12,12
MPI,256,65536,1,54,2,0.77031206200000002,0.014265038185185186,4594169.265390524,12,12
MPI,256,65536,2,54,2,0.76608502499999998,0.014186759722222221,4619518.571062005,12,12
MPI,256,65536,3,54,2,0.769917509,0.014257731648148149,4596523.599776973,12,12
CUDA FP64,256,65536,1,407,2,0.74864710400000001,0.001839427773955774,35628471.488750994,12,12
CUDA FP64,256,65536,2,407,2,0.74941080900000001,0.001841304199017199,35592163.44316165,12,12
CUDA FP64,256,65536,3,407,2,0.74704563099999999,0.0018354929508599509,35704849.73494209,12,12
CUDA mixed,256,65536,1,1989,2,0.74923900399999999,0.0003766913041729512,173978000.7502119,12,12
CUDA mixed,256,65536,2,1989,2,0.74955567099999998,0.000376850513323278,173904499.7499592,12,12
CUDA mixed,256,65536,3,1989,2,0.74853503600000004,0.00037633737355455006,174141620.27280176,12,12
CPU serial,512,262144,1,3,2,0.77396340100000005,0.25798780033333335,1016110.0628064452,12,12
CPU serial,512,262144,2,3,2,0.77820209299999998,0.2594006976666667,1010575.5395340475,12,12
CPU serial,512,262144,3,3,2,0.79057945799999996,0.263526486,994753.9011315925,12,12
CPU/OpenMP,512,262144,1,6,2,0.87304893900000002,0.1455081565,1801575.9824432933,12,12
CPU/OpenMP,512,262144,2,6,2,0.88062895299999999,0.14677149216666666,1786068.9165871658,12,12
CPU/OpenMP,512,262144,3,6,2,0.88825715599999999,0.14804285933333333,1770730.4572506028,12,12
MPI,512,262144,1,10,2,0.77544781600000001,0.0775447816,3380549.852499681,12,12
MPI,512,262144,2,10,2,0.76938593,0.076938593,3407184.7401732444,12,12
MPI,512,262144,3,10,2,0.77115561600000004,0.07711556160000001,3399365.764328428,12,12
CUDA FP64,512,262144,1,82,2,0.75503354099999997,0.009207726109756098,28470004.089526933,12,12
CUDA FP64,512,262144,2,82,2,0.75489934999999997,0.00920608963414634,28475064.920906346,12,12
CUDA FP64,512,262144,3,82,2,0.75608635300000004,0.009220565280487805,28430361.048984572,12,12
CUDA mixed,512,262144,1,636,2,0.75236688100000004,0.0011829667940251574,221598781.40622193,12,12
CUDA mixed,512,262144,2,636,2,0.749999105,0.0011792438757861636,222298377.27606353,12,12
CUDA mixed,512,262144,3,636,2,0.75391507000000002,0.0011854010534591195,221143721.13559157,12,12
CPU serial,1024,1048576,1,3,2,5.8643499889999999,1.9547833296666666,536415.4605200185,12,12
CPU serial,1024,1048576,2,3,2,5.8887422020000004,1.9629140673333334,534193.5326921957,12,12
CPU serial,1024,1048576,3,3,2,5.8231397349999998,1.9410465783333333,540211.6629784087,12,12
CPU/OpenMP,1024,1048576,1,3,2,2.8072373000000002,0.9357457666666668,1120577.8720594798,12,12
CPU/OpenMP,1024,1048576,2,3,2,2.8180870269999998,0.9393623423333333,1116263.6106908277,12,12
CPU/OpenMP,1024,1048576,3,3,2,2.794291426,0.9314304753333333,1125769.4779900168,12,12
MPI,1024,1048576,1,3,2,1.297290461,0.43243015366666665,2424844.7780731814,12,12
MPI,1024,1048576,2,3,2,1.2943609220000001,0.4314536406666667,2430332.951600033,12,12
MPI,1024,1048576,3,3,2,1.3012175829999999,0.4337391943333333,2417526.508324166,12,12
CUDA FP64,1024,1048576,1,17,2,0.75211746099999999,0.044242203588235295,23700808.61611588,12,12
CUDA FP64,1024,1048576,2,17,2,0.75228402900000002,0.04425200170588235,23695560.8690717,12,12
CUDA FP64,1024,1048576,3,17,2,0.75210555899999998,0.044241503470588237,23701183.6791915,12,12
CUDA mixed,1024,1048576,1,142,2,0.74805761000000004,0.005268011338028169,199045888.99242666,12,12
CUDA mixed,1024,1048576,2,142,2,0.74785344099999995,0.005266573528169014,199100229.85372612,12,12
CUDA mixed,1024,1048576,3,142,2,0.74780524999999998,0.005266234154929578,199113060.51943335,12,12
